Id_hecho,Fecha,Rol,Victima,Sexo,Edad,Fecha_fallecimiento
2016-0001,2016-01-01,conductor,moto,masculino,19.0,2016-01-01
2016-0002,2016-01-02,conductor,auto,masculino,70.0,2016-01-02
2016-0003,2016-01-03,conductor,moto,masculino,30.0,2016-01-03
2016-0004,2016-01-10,conductor,moto,masculino,18.0,
2016-0005,2016-01-21,conductor,moto,masculino,29.0,2016-02-01
2016-0008,2016-01-24,conductor,moto,masculino,30.0,2016-01-24
2016-0009,2016-01-24,pasajero_acompañante,moto,masculino,29.0,2016-01-26
2016-0010,2016-01-29,conductor,moto,masculino,18.0,2016-01-29
2016-0012,2016-02-08,conductor,moto,masculino,22.0,2016-02-08
2016-0013,2016-02-10,peaton,peaton,masculino,16.0,2016-02-10
2016-0015,2016-02-14,peaton,peaton,femenino,16.0,2016-02-14
2016-0016,2016-02-14,pasajero_acompañante,moto,femenino,19.0,2016-02-14
2016-0017,2016-02-15,peaton,peaton,masculino,59.0,2016-02-16
2016-0019,2016-02-17,peaton,peaton,femenino,65.0,2016-02-17
2016-0020,2016-02-17,peaton,peaton,masculino,59.0,2016-03-02
2016-0021,2016-02-17,conductor,auto,masculino,34.0,2016-02-17
2016-0022,2016-02-21,pasajero_acompañante,moto,masculino,41.0,
2016-0025,2016-02-28,pasajero_acompañante,auto,masculino,34.0,2016-02-28
2016-0026,2016-02-28,conductor,auto,masculino,30.0,2016-03-04
2016-0027,2016-02-28,pasajero_acompañante,auto,masculino,34.0,
2016-0028,2016-03-02,peaton,peaton,masculino,50.0,2016-03-02
2016-0029,2016-03-04,peaton,peaton,masculino,38.0,2016-03-04
2016-0031,2016-03-08,conductor,moto,masculino,21.0,
2016-0034,2016-03-12,peaton,peaton,masculino,52.0,2016-03-12
2016-0035,2016-03-13,conductor,moto,masculino,34.0,2016-03-13
2016-0036,2016-03-14,pasajero_acompañante,moto,masculino,36.0,2016-03-14
2016-0037,2016-03-19,conductor,moto,masculino,20.0,2016-03-19
2016-0038,2016-03-21,peaton,peaton,masculino,29.0,2016-03-21
2016-0039,2016-03-23,conductor,moto,masculino,20.0,2016-03-23
2016-0041,2016-03-29,conductor,moto,masculino,54.0,2016-03-29
2016-0041,2016-03-29,pasajero_acompañante,moto,masculino,,2016-03-30
2016-0043,2016-03-30,peaton,peaton,femenino,56.0,2016-03-30
2016-0044,2016-03-31,conductor,moto,masculino,24.0,2016-03-31
2016-0045,2016-04-11,conductor,moto,masculino,,
2016-0047,2016-04-15,peaton,peaton,masculino,41.0,2016-04-15
2016-0048,2016-04-15,peaton,peaton,femenino,,
2016-0049,2016-04-17,,,,,
2016-0050,2016-04-19,peaton,peaton,masculino,78.0,2016-04-19
2016-0051,2016-04-20,conductor,moto,masculino,36.0,2016-04-20
2016-0052,2016-04-20,,moto,,,
2016-0053,2016-04-22,peaton,peaton,masculino,38.0,2016-04-22
2016-0054,2016-04-23,conductor,moto,masculino,30.0,2016-04-25
2016-0055,2016-04-25,peaton,peaton,masculino,79.0,2016-04-28
2016-0056,2016-04-26,conductor,moto,masculino,26.0,2016-04-26
2016-0058,2016-05-04,peaton,peaton,femenino,57.0,2016-05-08
2016-0059,2016-05-08,peaton,peaton,masculino,37.0,2016-05-26
2016-0064,2016-05-14,peaton,peaton,masculino,20.0,
2016-0065,2016-05-20,peaton,peaton,masculino,20.0,2016-05-20
2016-0067,2016-05-21,pasajero_acompañante,moto,femenino,30.0,
2016-0068,2016-05-22,conductor,moto,masculino,58.0,
2016-0069,2016-05-23,conductor,auto,masculino,30.0,2016-05-23
2016-0073,2016-06-11,conductor,moto,masculino,23.0,
2016-0074,2016-06-12,conductor,auto,masculino,60.0,
2016-0075,2016-06-12,peaton,peaton,masculino,42.0,2016-06-12
2016-0076,2016-06-13,peaton,peaton,femenino,53.0,2016-06-13
2016-0077,2016-06-13,peaton,peaton,femenino,,
2016-0078,2016-06-13,conductor,moto,masculino,30.0,
2016-0079,2016-06-16,conductor,auto,femenino,51.0,
2016-0080,2016-06-18,conductor,auto,masculino,60.0,
2016-0081,2016-06-22,conductor,moto,masculino,40.0,
2016-0082,2016-06-27,peaton,peaton,masculino,87.0,2016-07-05
2016-0083,2016-06-28,peaton,peaton,femenino,76.0,2016-06-29
2016-0084,2016-06-29,peaton,peaton,masculino,57.0,2016-07-08
2016-0085,2016-06-29,,moto,masculino,,
2016-0086,2016-06-30,peaton,peaton,masculino,75.0,2016-07-01
2016-0087,2016-07-03,conductor,moto,masculino,23.0,2016-07-03
2016-0088,2016-07-11,peaton,peaton,femenino,70.0,2016-07-14
2016-0089,2016-07-14,peaton,peaton,masculino,35.0,2016-07-14
2016-0090,2016-07-14,peaton,peaton,masculino,60.0,2016-07-15
2016-0092,2016-07-15,conductor,moto,masculino,24.0,2016-07-15
2016-0093,2016-07-17,conductor,auto,masculino,35.0,2016-07-19
2016-0095,2016-07-23,conductor,moto,masculino,29.0,2016-07-23
2016-0096,2016-07-25,conductor,moto,masculino,,
2016-0097,2016-07-26,peaton,peaton,masculino,80.0,2016-08-12
2016-0098,2016-07-27,conductor,moto,femenino,43.0,
2016-0099,2016-07-29,conductor,cargas,masculino,45.0,
2016-0100,2016-08-03,conductor,moto,masculino,57.0,2016-08-03
2016-0101,2016-08-07,,,masculino,67.0,
2016-0102,2016-08-10,conductor,moto,masculino,29.0,
2016-0104,2016-08-14,conductor,moto,masculino,21.0,2016-08-15
2016-0105,2016-08-17,peaton,peaton,masculino,19.0,2016-08-26
2016-0106,2016-08-19,peaton,peaton,masculino,38.0,
2016-0107,2016-08-20,conductor,moto,masculino,21.0,
2016-0109,2016-08-24,conductor,auto,femenino,53.0,2016-08-24
2016-0110,2016-08-24,peaton,peaton,masculino,57.0,
2016-0111,2016-08-25,conductor,moto,masculino,27.0,2016-08-25
2016-0112,2016-08-27,conductor,moto,masculino,24.0,2016-08-27
2016-0113,2016-08-27,peaton,peaton,femenino,60.0,
2016-0114,2016-08-31,ciclista,bicicleta,femenino,55.0,2016-08-31
2016-0115,2016-09-02,,,masculino,,
2016-0116,2016-09-02,conductor,moto,masculino,30.0,2016-09-02
2016-0117,2016-09-03,conductor,auto,masculino,43.0,
2016-0118,2016-09-04,conductor,auto,masculino,27.0,2016-09-04
2016-0119,2016-09-04,pasajero_acompañante,,femenino,,
2016-0122,2016-09-13,ciclista,bicicleta,masculino,49.0,2016-09-13
2016-0123,2016-09-14,conductor,moto,femenino,58.0,
2016-0124,2016-09-16,peaton,peaton,masculino,67.0,
2016-0125,2016-09-17,conductor,moto,masculino,30.0,
2016-0126,2016-09-18,conductor,auto,masculino,37.0,
2016-0126,2016-09-18,pasajero_acompañante,auto,masculino,60.0,
2016-0127,2016-09-24,peaton,peaton,masculino,50.0,
2016-0128,2016-10-02,peaton,peaton,femenino,81.0,2016-10-02
2016-0130,2016-10-04,conductor,moto,masculino,29.0,2016-10-04
2016-0131,2016-10-09,peaton,peaton,masculino,35.0,
2016-0132,2016-10-10,pasajero_acompañante,auto,masculino,30.0,2016-10-10
2016-0133,2016-10-14,conductor,moto,masculino,41.0,2016-10-25
2016-0134,2016-10-23,conductor,moto,masculino,25.0,2016-10-23
2016-0135,2016-10-24,peaton,peaton,masculino,29.0,2016-10-25
2016-0136,2016-10-25,conductor,moto,,,
2016-0137,2016-10-25,conductor,moto,masculino,30.0,
2016-0138,2016-10-27,ciclista,bicicleta,femenino,33.0,
2016-0139,2016-10-28,pasajero_acompañante,moto,femenino,35.0,
2016-0140,2016-10-31,pasajero_acompañante,pasajeros,masculino,20.0,
2016-0142,2016-11-05,conductor,moto,masculino,46.0,2016-11-05
2016-0143,2016-11-06,conductor,moto,masculino,35.0,
2016-0144,2016-11-07,peaton,peaton,masculino,83.0,
2016-0145,2016-11-07,conductor,moto,masculino,39.0,2016-11-07
2016-0146,2016-11-09,peaton,peaton,femenino,29.0,
2016-0147,2016-11-16,pasajero_acompañante,movil,masculino,55.0,2016-11-16
2016-0148,2016-11-16,conductor,moto,masculino,,
2016-0150,2016-11-18,pasajero_acompañante,cargas,masculino,41.0,2016-11-18
2016-0151,2016-11-18,peaton,peaton,,,
2016-0152,2016-11-23,conductor,moto,masculino,42.0,2016-11-24
2016-0153,2016-11-25,peaton,peaton,femenino,83.0,2016-11-25
2016-0154,2016-11-26,conductor,moto,masculino,38.0,
2016-0155,2016-11-26,peaton,peaton,femenino,29.0,
2016-0156,2016-11-26,conductor,moto,masculino,23.0,2016-11-30
2016-0157,2016-12-03,conductor,moto,masculino,23.0,
2016-0159,2016-12-04,conductor,auto,masculino,23.0,
2016-0160,2016-12-06,conductor,cargas,masculino,29.0,2016-12-06
2016-0161,2016-12-06,peaton,peaton,masculino,50.0,2016-12-06
2016-0162,2016-12-07,peaton,peaton,masculino,38.0,2017-01-01
2016-0163,2016-12-10,conductor,moto,masculino,23.0,
2016-0164,2016-12-11,conductor,auto,masculino,29.0,
2016-0165,2016-12-12,ciclista,bicicleta,masculino,37.0,
2016-0168,2016-12-13,conductor,moto,masculino,43.0,2016-12-13
2016-0169,2016-12-15,conductor,moto,masculino,24.0,2016-12-16
2016-0170,2016-12-19,pasajero_acompañante,moto,masculino,21.0,2016-12-19
2016-0171,2016-12-25,conductor,moto,,,
2016-0172,2016-12-26,conductor,moto,masculino,38.0,2016-12-26
2016-0173,2016-12-26,conductor,moto,masculino,35.0,
2016-0174,2016-12-27,,,,,
2016-0175,2016-12-27,peaton,peaton,femenino,,
2016-0176,2016-12-28,conductor,moto,masculino,28.0,
2016-0177,2016-12-29,peaton,peaton,femenino,27.0,
2016-0178,2016-12-30,peaton,peaton,femenino,7.0,
2017-0001,2017-01-02,conductor,moto,masculino,18.0,2017-01-02
2017-0003,2017-01-05,pasajero_acompañante,cargas,masculino,33.0,2017-01-05
2017-0007,2017-01-11,peaton,peaton,masculino,48.0,2017-01-11
2017-0008,2017-01-16,conductor,moto,masculino,29.0,2017-01-16
2017-0009,2017-01-16,conductor,moto,masculino,36.0,2017-01-16
2017-0010,2017-01-16,conductor,moto,masculino,23.0,2017-01-16
2017-0011,2017-01-22,pasajero_acompañante,moto,femenino,29.0,2017-01-22
2017-0012,2017-01-24,conductor,moto,masculino,30.0,2017-01-24
2017-0013,2017-01-27,peaton,peaton,masculino,4.0,2017-01-27
2017-0014,2017-01-28,pasajero_acompañante,moto,femenino,22.0,2017-01-28
2017-0015,2017-02-02,peaton,peaton,masculino,82.0,2017-02-21
2017-0016,2017-02-03,conductor,moto,masculino,27.0,2017-02-04
2017-0017,2017-02-06,conductor,moto,masculino,32.0,2017-02-06
2017-0018,2017-02-09,conductor,moto,masculino,30.0,2017-02-09
2017-0021,2017-02-18,conductor,moto,masculino,43.0,2017-02-18
2017-0024,2017-02-23,peaton,peaton,masculino,39.0,2017-02-23
2017-0025,2017-02-24,conductor,moto,masculino,23.0,2017-02-24
2017-0026,2017-02-26,pasajero_acompañante,auto,femenino,23.0,2017-02-26
2017-0026,2017-02-26,conductor,auto,masculino,19.0,2017-02-26
2017-0027,2017-02-26,peaton,peaton,masculino,,2017-02-26
2017-0028,2017-02-28,peaton,peaton,masculino,87.0,2017-02-28
2017-0029,2017-03-07,,,masculino,34.0,2017-03-07
2017-0030,2017-03-07,conductor,auto,femenino,27.0,2017-03-07
2017-0031,2017-03-11,pasajero_acompañante,auto,masculino,70.0,2017-03-11
2017-0032,2017-03-12,pasajero_acompañante,auto,femenino,40.0,2017-03-12
2017-0033,2017-03-12,conductor,auto,masculino,28.0,2017-03-12
2017-0034,2017-03-13,peaton,peaton,masculino,43.0,2017-03-13
2017-0035,2017-03-23,conductor,auto,masculino,28.0,2017-03-23
2017-0035,2017-03-23,pasajero_acompañante,auto,masculino,32.0,2017-03-23
2017-0035,2017-03-23,pasajero_acompañante,auto,masculino,30.0,2017-03-23
2017-0036,2017-03-29,pasajero_acompañante,moto,femenino,,2017-03-29
2017-0036,2017-03-29,conductor,moto,masculino,20.0,2017-03-29
2017-0037,2017-03-31,conductor,moto,masculino,41.0,2017-03-31
2017-0038,2017-04-01,conductor,moto,femenino,40.0,2017-04-01
2017-0040,2017-04-03,conductor,auto,masculino,43.0,2017-04-03
2017-0041,2017-04-03,conductor,moto,masculino,17.0,
2017-0042,2017-04-10,conductor,moto,masculino,,2017-04-10
2017-0045,2017-04-14,conductor,moto,masculino,21.0,2017-04-14
2017-0047,2017-04-23,conductor,moto,masculino,37.0,2017-04-23
2017-0049,2017-04-27,peaton,peaton,masculino,22.0,2017-04-27
2017-0050,2017-04-28,conductor,moto,masculino,46.0,2017-04-28
2017-0050,2017-04-28,pasajero_acompañante,moto,masculino,16.0,2017-04-28
2017-0051,2017-05-01,conductor,auto,masculino,33.0,2017-05-01
2017-0052,2017-05-05,peaton,peaton,femenino,47.0,2017-05-05
2017-0053,2017-05-05,conductor,moto,masculino,28.0,2017-05-05
2017-0054,2017-05-07,pasajero_acompañante,moto,femenino,20.0,2017-05-07
2017-0055,2017-05-09,conductor,auto,masculino,32.0,2017-05-09
2017-0058,2017-05-09,peaton,peaton,masculino,80.0,2017-05-09
2017-0059,2017-05-11,peaton,peaton,femenino,39.0,2017-05-11
2017-0060,2017-05-13,pasajero_acompañante,moto,masculino,30.0,2017-05-13
2017-0061,2017-05-15,peaton,peaton,masculino,47.0,2017-05-16
2017-0062,2017-05-15,conductor,moto,masculino,35.0,2017-05-15
2017-0063,2017-05-17,peaton,peaton,femenino,79.0,2017-05-17
2017-0064,2017-05-20,pasajero_acompañante,cargas,masculino,61.0,2017-05-20
2017-0065,2017-05-22,ciclista,bicicleta,masculino,21.0,2017-05-22
2017-0066,2017-05-22,peaton,peaton,masculino,10.0,2017-05-22
2017-0067,2017-05-23,conductor,moto,masculino,21.0,2017-05-23
2017-0068,2017-05-27,conductor,moto,masculino,32.0,2017-05-27
2017-0069,2017-05-29,conductor,moto,masculino,39.0,2017-05-29
2017-0070,2017-05-30,peaton,peaton,masculino,80.0,2017-05-31
2017-0072,2017-06-03,conductor,auto,masculino,25.0,2017-06-03
2017-0073,2017-06-04,conductor,moto,masculino,19.0,2017-06-04
2017-0074,2017-06-04,,,masculino,70.0,2017-06-04
2017-0075,2017-06-12,peaton,peaton,masculino,55.0,2017-06-12
2017-0076,2017-06-13,peaton,peaton,femenino,30.0,2017-06-13
2017-0077,2017-06-17,conductor,moto,femenino,60.0,2017-06-18
2017-0079,2017-06-19,conductor,moto,masculino,33.0,2017-06-19
2017-0080,2017-06-22,peaton,peaton,femenino,95.0,2017-06-22
2017-0082,2017-06-25,peaton,peaton,masculino,36.0,2017-06-25
2017-0083,2017-07-04,conductor,moto,masculino,37.0,2017-07-04
2017-0084,2017-07-05,peaton,peaton,femenino,73.0,2017-07-05
2017-0085,2017-07-07,peaton,peaton,masculino,84.0,2017-07-07
2017-0086,2017-07-09,peaton,peaton,femenino,30.0,2017-07-09
2017-0087,2017-07-10,peaton,peaton,femenino,73.0,2017-07-10
2017-0088,2017-07-10,peaton,peaton,masculino,43.0,2017-07-10
2017-0089,2017-07-13,,,masculino,23.0,
2017-0090,2017-07-15,peaton,peaton,masculino,22.0,2017-07-15
2017-0091,2017-07-15,conductor,moto,masculino,58.0,2017-07-15
2017-0092,2017-07-24,peaton,peaton,masculino,66.0,2017-07-24
2017-0093,2017-07-25,peaton,peaton,masculino,,2017-07-25
2017-0094,2017-07-27,ciclista,bicicleta,femenino,56.0,2017-07-27
2017-0095,2017-08-06,conductor,moto,masculino,36.0,2017-08-06
2017-0096,2017-08-07,peaton,peaton,masculino,87.0,2017-08-07
2017-0098,2017-08-08,peaton,peaton,femenino,61.0,2017-08-08
2017-0099,2017-08-17,ciclista,bicicleta,masculino,28.0,2017-08-17
2017-0100,2017-08-21,pasajero_acompañante,moto,femenino,16.0,2017-08-21
2017-0101,2017-08-23,peaton,peaton,femenino,61.0,2017-08-23
2017-0102,2017-08-24,peaton,peaton,masculino,46.0,2017-08-24
2017-0104,2017-08-25,peaton,peaton,femenino,18.0,2017-08-25
2017-0106,2017-08-31,peaton,peaton,femenino,85.0,2017-08-31
2017-0107,2017-09-01,conductor,moto,masculino,41.0,2017-09-01
2017-0108,2017-09-02,pasajero_acompañante,auto,masculino,17.0,2017-09-02
2017-0108,2017-09-02,pasajero_acompañante,auto,masculino,10.0,2017-09-02
2017-0109,2017-09-04,conductor,moto,masculino,21.0,2017-09-05
2017-0110,2017-09-06,peaton,peaton,masculino,56.0,2017-09-07
2017-0111,2017-09-07,peaton,peaton,femenino,79.0,2017-09-07
2017-0112,2017-09-10,pasajero_acompañante,auto,masculino,1.0,
2017-0112,2017-09-10,pasajero_acompañante,auto,masculino,,2017-09-13
2017-0113,2017-09-11,peaton,peaton,femenino,76.0,2017-09-11
2017-0114,2017-09-15,conductor,auto,masculino,26.0,2017-09-15
2017-0115,2017-09-19,conductor,moto,masculino,34.0,
2017-0116,2017-09-20,conductor,moto,masculino,22.0,2017-09-20
2017-0118,2017-09-22,pasajero_acompañante,moto,femenino,26.0,2017-09-29
2017-0120,2017-10-02,conductor,moto,masculino,20.0,2017-10-02
2017-0123,2017-10-10,peaton,peaton,femenino,36.0,2017-10-10
2017-0124,2017-10-12,conductor,moto,masculino,51.0,2017-10-12
2017-0125,2017-10-13,conductor,moto,masculino,29.0,2017-10-13
2017-0126,2017-10-14,pasajero_acompañante,auto,masculino,39.0,
2017-0126,2017-10-14,conductor,auto,masculino,36.0,2017-10-14
2017-0127,2017-10-16,pasajero_acompañante,moto,masculino,24.0,2017-10-16
2017-0128,2017-10-17,peaton,peaton,femenino,60.0,2017-10-17
2017-0129,2017-10-26,conductor,moto,masculino,57.0,2017-10-26
2017-0130,2017-10-27,conductor,auto,masculino,23.0,2017-10-27
2017-0132,2017-10-30,conductor,moto,masculino,23.0,2017-10-30
2017-0134,2017-11-06,peaton,peaton,femenino,47.0,2017-11-06
2017-0135,2017-11-07,conductor,moto,masculino,24.0,2017-11-07
2017-0136,2017-11-16,peaton,peaton,masculino,55.0,2017-11-16
2017-0137,2017-11-17,peaton,peaton,femenino,60.0,2017-11-17
2017-0138,2017-11-19,pasajero_acompañante,moto,masculino,25.0,2017-11-19
2017-0139,2017-11-19,pasajero_acompañante,auto,femenino,15.0,2017-11-19
2017-0140,2017-11-19,conductor,moto,masculino,24.0,2017-11-19
2017-0141,2017-11-23,peaton,peaton,femenino,22.0,2017-11-23
2017-0143,2017-11-25,conductor,auto,masculino,50.0,2017-11-25
2017-0144,2017-11-26,pasajero_acompañante,auto,femenino,50.0,2017-11-26
2017-0145,2017-11-26,conductor,moto,masculino,58.0,2017-11-26
2017-0147,2017-11-28,conductor,moto,masculino,49.0,2017-11-28
2017-0148,2017-11-29,peaton,peaton,femenino,82.0,2017-11-29
2017-0149,2017-11-30,peaton,peaton,masculino,13.0,2017-11-30
2017-0150,2017-12-04,peaton,peaton,masculino,56.0,2017-12-04
2017-0151,2017-12-04,peaton,peaton,masculino,,2017-12-04
2017-0152,2017-12-06,ciclista,bicicleta,masculino,19.0,2017-12-06
2017-0153,2017-12-11,pasajero_acompañante,moto,masculino,,2017-12-12
2017-0153,2017-12-11,conductor,moto,masculino,30.0,2017-12-12
2017-0154,2017-12-11,peaton,peaton,masculino,76.0,2017-12-11
2017-0155,2017-12-12,,,masculino,77.0,
2017-0157,2017-12-17,conductor,auto,masculino,53.0,2017-12-17
2017-0158,2017-12-18,conductor,moto,masculino,32.0,2017-12-18
2017-0159,2017-12-20,conductor,moto,masculino,27.0,2017-12-20
2017-0160,2017-12-22,peaton,peaton,femenino,30.0,2017-12-22
2017-0161,2017-12-26,peaton,peaton,femenino,30.0,2017-12-26
2018-0001,2018-01-01,peaton,peaton,masculino,83.0,2018-01-02
2018-0002,2018-01-03,ciclista,bicicleta,femenino,26.0,2018-01-03
2018-0003,2018-01-05,peaton,peaton,femenino,58.0,2018-01-05
2018-0004,2018-01-09,conductor,moto,masculino,39.0,2018-01-09
2018-0005,2018-01-09,peaton,peaton,masculino,54.0,2018-01-09
2018-0006,2018-01-10,ciclista,bicicleta,femenino,45.0,2018-01-10
2018-0007,2018-01-11,conductor,auto,masculino,46.0,2018-01-11
2018-0008,2018-01-12,conductor,moto,femenino,32.0,2018-01-12
2018-0009,2018-01-14,conductor,moto,masculino,19.0,2018-01-14
2018-0010,2018-01-18,conductor,moto,masculino,40.0,2018-01-18
2018-0011,2018-01-19,peaton,peaton,masculino,84.0,2018-01-19
2018-0012,2018-01-26,conductor,moto,masculino,20.0,2018-01-26
2018-0013,2018-01-28,conductor,moto,masculino,44.0,2018-01-28
2018-0014,2018-01-31,peaton,peaton,masculino,,2018-02-04
2018-0015,2018-02-06,conductor,moto,masculino,28.0,2018-02-06
2018-0015,2018-02-06,pasajero_acompañante,moto,masculino,19.0,2018-02-06
2018-0016,2018-02-15,conductor,moto,masculino,31.0,2018-02-15
2018-0017,2018-02-17,peaton,peaton,masculino,35.0,2018-02-20
2018-0018,2018-02-17,conductor,moto,masculino,26.0,2018-02-17
2018-0019,2018-02-17,peaton,peaton,femenino,80.0,2018-02-17
2018-0020,2018-02-19,conductor,moto,masculino,26.0,2018-02-19
2018-0021,2018-02-22,peaton,peaton,femenino,62.0,2018-02-22
2018-0022,2018-02-24,conductor,moto,masculino,28.0,2018-02-24
2018-0023,2018-02-24,conductor,moto,masculino,28.0,2018-02-24
2018-0024,2018-02-28,peaton,peaton,masculino,70.0,2018-02-28
2018-0025,2018-03-04,peaton,peaton,masculino,70.0,2018-03-05
2018-0026,2018-03-09,conductor,movil,masculino,24.0,2018-03-09
2018-0026,2018-03-09,pasajero_acompañante,movil,masculino,30.0,2018-03-09
2018-0027,2018-03-11,peaton,peaton,femenino,74.0,2018-03-11
2018-0028,2018-03-13,peaton,peaton,masculino,71.0,2018-03-13
2018-0029,2018-03-15,conductor,moto,masculino,26.0,2018-03-15
2018-0030,2018-03-20,conductor,moto,masculino,24.0,2018-03-20
2018-0031,2018-03-28,conductor,moto,masculino,31.0,2018-03-28
2018-0032,2018-04-02,peaton,peaton,masculino,70.0,2018-04-02
2018-0033,2018-04-07,conductor,moto,femenino,42.0,2018-04-10
2018-0034,2018-04-11,peaton,peaton,masculino,24.0,2018-04-11
2018-0035,2018-04-12,peaton,peaton,femenino,39.0,2018-04-12
2018-0036,2018-04-13,conductor,moto,masculino,37.0,2018-04-15
2018-0037,2018-04-18,peaton,peaton,masculino,84.0,2018-04-19
2018-0038,2018-04-20,peaton,peaton,femenino,59.0,2018-04-20
2018-0038,2018-04-20,peaton,peaton,masculino,61.0,2018-04-20
2018-0039,2018-04-21,peaton,peaton,masculino,37.0,2018-04-21
2018-0040,2018-04-27,peaton,peaton,femenino,,2018-04-27
2018-0041,2018-04-27,peaton,peaton,femenino,78.0,2018-04-27
2018-0042,2018-04-27,pasajero_acompañante,moto,masculino,23.0,2018-04-27
2018-0043,2018-04-28,conductor,moto,masculino,25.0,2018-04-29
2018-0044,2018-04-28,peaton,peaton,femenino,50.0,2018-04-28
2018-0045,2018-04-30,conductor,auto,masculino,60.0,2018-04-30
2018-0046,2018-05-02,peaton,peaton,masculino,11.0,2018-05-02
2018-0047,2018-05-08,peaton,peaton,masculino,82.0,2018-05-09
2018-0048,2018-05-09,peaton,peaton,masculino,57.0,2018-05-16
2018-0049,2018-05-11,peaton,peaton,femenino,40.0,2018-05-13
2018-0050,2018-05-14,peaton,peaton,femenino,47.0,2018-05-24
2018-0051,2018-05-15,peaton,peaton,femenino,57.0,2018-05-15
2018-0052,2018-05-18,peaton,peaton,masculino,78.0,2018-05-19
2018-0053,2018-05-20,conductor,moto,masculino,43.0,2018-05-20
2018-0054,2018-05-22,peaton,peaton,femenino,86.0,2018-05-25
2018-0055,2018-05-29,conductor,moto,masculino,21.0,2018-05-29
2018-0056,2018-06-02,peaton,peaton,femenino,69.0,2018-06-04
2018-0057,2018-06-03,conductor,moto,masculino,33.0,2018-06-04
2018-0058,2018-06-03,conductor,moto,masculino,26.0,2018-06-13
2018-0059,2018-06-08,conductor,moto,masculino,54.0,2018-06-08
2018-0060,2018-06-08,peaton,peaton,masculino,51.0,2018-06-08
2018-0061,2018-06-10,conductor,moto,masculino,51.0,2018-06-10
2018-0062,2018-06-14,peaton,peaton,masculino,32.0,2018-06-14
2018-0063,2018-06-16,peaton,peaton,femenino,28.0,2018-06-17
2018-0064,2018-06-25,conductor,auto,masculino,30.0,2018-06-25
2018-0065,2018-06-26,conductor,moto,masculino,35.0,2018-06-26
2018-0066,2018-06-28,peaton,peaton,masculino,73.0,2018-06-28
2018-0067,2018-06-29,pasajero_acompañante,pasajeros,femenino,81.0,2018-07-06
2018-0068,2018-07-01,conductor,moto,masculino,21.0,2018-07-01
2018-0069,2018-07-04,ciclista,bicicleta,masculino,20.0,2018-07-04
2018-0070,2018-07-07,conductor,moto,masculino,33.0,2018-07-07
2018-0071,2018-07-10,conductor,moto,masculino,,2018-07-10
2018-0072,2018-07-11,conductor,moto,masculino,27.0,2018-07-13
2018-0073,2018-07-11,peaton,peaton,femenino,67.0,2018-07-11
2018-0074,2018-07-14,conductor,auto,masculino,25.0,2018-07-14
2018-0075,2018-07-15,peaton,peaton,masculino,23.0,2018-07-15
2018-0076,2018-07-16,conductor,auto,masculino,73.0,2018-07-16
2018-0077,2018-07-16,conductor,auto,masculino,58.0,2018-07-17
2018-0078,2018-07-21,peaton,peaton,masculino,27.0,2018-07-21
2018-0079,2018-07-23,peaton,peaton,masculino,,2018-07-23
2018-0080,2018-07-25,peaton,peaton,masculino,26.0,2018-07-25
2018-0081,2018-07-29,peaton,peaton,masculino,35.0,2018-07-29
2018-0082,2018-08-01,conductor,moto,femenino,17.0,2018-08-01
2018-0083,2018-08-02,conductor,moto,masculino,,2018-08-02
2018-0084,2018-08-03,peaton,peaton,masculino,45.0,2018-08-03
2018-0085,2018-08-03,pasajero_acompañante,moto,femenino,22.0,2018-08-03
2018-0085,2018-08-03,conductor,moto,masculino,30.0,2018-08-03
2018-0086,2018-08-10,peaton,peaton,masculino,40.0,2018-08-10
2018-0087,2018-08-15,peaton,peaton,masculino,75.0,2018-08-20
2018-0088,2018-08-17,conductor,moto,masculino,,2018-08-17
2018-0089,2018-08-17,peaton,peaton,masculino,80.0,2018-08-17
2018-0090,2018-08-18,conductor,moto,masculino,27.0,2018-08-18
2018-0091,2018-08-19,pasajero_acompañante,auto,femenino,23.0,2018-08-19
2018-0092,2018-08-20,conductor,moto,masculino,23.0,2018-08-20
2018-0093,2018-08-20,peaton,peaton,masculino,24.0,2018-08-20
2018-0094,2018-08-23,conductor,moto,masculino,32.0,2018-08-23
2018-0095,2018-08-26,pasajero_acompañante,auto,femenino,49.0,2018-08-26
2018-0096,2018-08-31,peaton,peaton,masculino,39.0,2018-08-31
2018-0097,2018-09-02,conductor,auto,femenino,35.0,2018-09-02
2018-0098,2018-09-09,conductor,auto,masculino,55.0,2018-09-09
2018-0098,2018-09-09,pasajero_acompañante,auto,masculino,54.0,2018-09-09
2018-0099,2018-09-12,peaton,peaton,masculino,18.0,2018-09-13
2018-0100,2018-09-20,,moto,femenino,33.0,2018-09-20
2018-0101,2018-09-21,conductor,auto,masculino,,2018-09-21
2018-0102,2018-09-21,conductor,moto,masculino,20.0,2018-09-21
2018-0103,2018-09-27,peaton,peaton,masculino,1.0,2018-09-29
2018-0104,2018-10-01,conductor,moto,masculino,22.0,2018-10-01
2018-0105,2018-10-03,peaton,peaton,femenino,56.0,2018-10-03
2018-0106,2018-10-04,conductor,moto,masculino,27.0,2018-10-04
2018-0107,2018-10-06,peaton,peaton,femenino,62.0,2018-10-06
2018-0108,2018-10-09,conductor,moto,masculino,37.0,2018-10-10
2018-0109,2018-10-10,peaton,peaton,masculino,34.0,2018-10-10
2018-0110,2018-10-13,peaton,peaton,masculino,60.0,2018-10-14
2018-0111,2018-10-19,conductor,moto,masculino,28.0,2018-10-19
2018-0112,2018-10-24,conductor,moto,femenino,28.0,2018-10-24
2018-0113,2018-10-25,conductor,moto,masculino,20.0,2018-10-25
2018-0114,2018-10-30,conductor,moto,masculino,23.0,2018-10-30
2018-0115,2018-10-31,peaton,peaton,masculino,42.0,2018-11-01
2018-0116,2018-11-01,peaton,peaton,masculino,48.0,2018-11-08
2018-0117,2018-11-04,conductor,moto,masculino,30.0,2018-11-08
2018-0118,2018-11-05,peaton,peaton,femenino,80.0,2018-11-05
2018-0119,2018-11-05,peaton,peaton,femenino,32.0,2018-11-06
2018-0120,2018-11-09,peaton,peaton,femenino,51.0,2018-11-20
2018-0121,2018-11-09,peaton,peaton,femenino,72.0,2018-11-09
2018-0122,2018-11-12,conductor,auto,masculino,33.0,2018-11-12
2018-0123,2018-11-12,conductor,auto,masculino,25.0,2018-11-12
2018-0124,2018-11-15,conductor,cargas,masculino,44.0,2018-11-15
2018-0125,2018-11-16,peaton,peaton,masculino,29.0,2018-11-17
2018-0126,2018-11-18,conductor,moto,masculino,27.0,2018-11-23
2018-0127,2018-11-19,conductor,moto,masculino,29.0,2018-11-19
2018-0128,2018-11-25,pasajero_acompañante,auto,masculino,49.0,2018-11-25
2018-0128,2018-11-25,pasajero_acompañante,auto,femenino,39.0,2018-11-25
2018-0129,2018-11-28,conductor,moto,masculino,37.0,2018-11-30
2018-0130,2018-12-03,conductor,moto,masculino,,2018-12-03
2018-0131,2018-12-07,conductor,moto,masculino,29.0,2018-12-07
2018-0132,2018-12-12,peaton,peaton,masculino,70.0,2018-12-12
2018-0133,2018-12-12,peaton,peaton,femenino,60.0,2018-12-12
2018-0134,2018-12-12,peaton,peaton,masculino,56.0,2018-12-13
2018-0135,2018-12-18,peaton,peaton,masculino,80.0,2018-12-22
2018-0136,2018-12-18,peaton,peaton,femenino,70.0,2018-12-18
2018-0137,2018-12-18,pasajero_acompañante,moto,masculino,29.0,2018-12-19
2018-0138,2018-12-21,pasajero_acompañante,pasajeros,femenino,79.0,2018-12-21
2018-0139,2018-12-22,pasajero_acompañante,moto,masculino,28.0,2018-12-24
2018-0140,2018-12-22,conductor,auto,masculino,78.0,2018-12-22
2018-0141,2018-12-22,peaton,peaton,masculino,75.0,2018-12-24
2018-0142,2018-12-25,pasajero_acompañante,cargas,masculino,32.0,2019-01-01
2018-0143,2018-12-29,conductor,moto,masculino,22.0,2018-12-29
2019-0001,2019-01-08,conductor,moto,masculino,25.0,2019-01-08
2019-0002,2019-01-09,conductor,auto,masculino,32.0,2019-01-09
2019-0003,2019-01-12,conductor,moto,masculino,23.0,2019-01-12
2019-0004,2019-01-14,conductor,auto,masculino,71.0,2019-01-14
2019-0005,2019-01-19,conductor,moto,masculino,43.0,2019-01-19
2019-0006,2019-01-23,peaton,peaton,femenino,12.0,2019-01-23
2019-0007,2019-01-26,conductor,moto,masculino,35.0,2019-01-26
2019-0008,2019-01-30,conductor,moto,masculino,42.0,2019-01-31
2019-0009,2019-01-31,conductor,moto,masculino,34.0,2019-01-31
2019-0010,2019-02-02,peaton,peaton,masculino,,2019-02-02
2019-0010,2019-02-02,peaton,peaton,masculino,59.0,2019-02-02
2019-0011,2019-02-10,peaton,peaton,masculino,,2019-02-10
2019-0012,2019-02-17,conductor,moto,masculino,31.0,2019-02-20
2019-0013,2019-02-20,peaton,peaton,masculino,39.0,2019-03-02
2019-0014,2019-02-20,conductor,moto,masculino,69.0,2019-02-20
2019-0015,2019-02-23,conductor,auto,masculino,21.0,2019-02-23
2019-0016,2019-02-24,conductor,moto,masculino,40.0,2019-02-24
2019-0017,2019-03-03,conductor,auto,masculino,22.0,2019-03-07
2019-0018,2019-03-03,peaton,peaton,femenino,29.0,2019-03-03
2019-0019,2019-03-06,conductor,moto,masculino,,2019-03-26
2019-0020,2019-03-07,conductor,moto,masculino,43.0,2019-03-07
2019-0021,2019-03-15,conductor,moto,masculino,23.0,2019-03-16
2019-0022,2019-03-15,pasajero_acompañante,auto,masculino,,2019-03-15
2019-0023,2019-03-16,conductor,auto,masculino,34.0,2019-03-16
2019-0024,2019-03-19,conductor,moto,masculino,32.0,2019-03-19
2019-0025,2019-03-22,peaton,peaton,masculino,27.0,2019-04-04
2019-0026,2019-03-28,peaton,peaton,masculino,,2019-03-28
2019-0027,2019-03-28,ciclista,bicicleta,masculino,37.0,2019-03-28
2019-0028,2019-04-06,peaton,peaton,femenino,,2019-04-06
2019-0029,2019-04-07,conductor,moto,masculino,27.0,2019-04-07
2019-0030,2019-04-09,conductor,moto,masculino,25.0,2019-04-09
2019-0031,2019-04-12,ciclista,bicicleta,masculino,20.0,2019-04-12
2019-0032,2019-04-16,peaton,peaton,femenino,83.0,2019-04-18
2019-0033,2019-04-18,conductor,moto,masculino,25.0,2019-04-18
2019-0034,2019-04-21,conductor,moto,masculino,,2019-04-21
2019-0035,2019-04-23,peaton,peaton,femenino,75.0,2019-04-23
2019-0036,2019-04-26,conductor,moto,masculino,34.0,2019-05-02
2019-0037,2019-05-01,conductor,moto,masculino,17.0,2019-05-01
2019-0038,2019-05-04,peaton,peaton,femenino,42.0,2019-05-05
2019-0105,2019-05-05,peaton,peaton,femenino,82.0,2019-05-08
2019-0039,2019-05-09,conductor,moto,masculino,28.0,2019-05-09
2019-0040,2019-05-09,conductor,moto,masculino,44.0,2019-05-15
2019-0041,2019-05-11,pasajero_acompañante,auto,femenino,78.0,2019-05-11
2019-0042,2019-05-14,peaton,peaton,masculino,39.0,2019-05-14
2019-0043,2019-05-21,ciclista,bicicleta,femenino,,2019-05-21
2019-0044,2019-05-27,peaton,peaton,femenino,77.0,2019-05-29
2019-0045,2019-06-03,conductor,moto,masculino,33.0,2019-06-03
2019-0046,2019-06-04,pasajero_acompañante,moto,femenino,26.0,2019-06-04
2019-0047,2019-06-06,peaton,peaton,masculino,76.0,2019-06-06
2019-0048,2019-06-07,conductor,moto,masculino,32.0,2019-06-07
2019-0049,2019-06-08,peaton,peaton,femenino,72.0,2019-06-09
2019-0050,2019-06-08,conductor,moto,masculino,21.0,2019-06-09
2019-0051,2019-06-11,conductor,moto,masculino,41.0,2019-06-11
2019-0053,2019-06-14,pasajero_acompañante,auto,masculino,49.0,2019-06-14
2019-0054,2019-06-20,conductor,moto,masculino,21.0,2019-06-20
2019-0055,2019-06-20,conductor,moto,masculino,47.0,2019-06-21
2019-0056,2019-06-29,peaton,peaton,femenino,75.0,2019-06-29
2019-0057,2019-07-05,peaton,peaton,femenino,63.0,2019-07-08
2019-0058,2019-07-10,conductor,moto,masculino,39.0,2019-07-10
2019-0059,2019-07-13,conductor,moto,masculino,30.0,2019-07-13
2019-0060,2019-07-17,peaton,peaton,femenino,78.0,2019-07-17
2019-0061,2019-07-17,peaton,peaton,femenino,58.0,2019-07-17
2019-0062,2019-08-01,peaton,peaton,femenino,60.0,2019-08-02
2019-0063,2019-08-04,pasajero_acompañante,moto,masculino,,2019-08-04
2019-0064,2019-08-06,conductor,moto,masculino,20.0,2019-08-06
2019-0065,2019-08-08,peaton,peaton,femenino,55.0,2019-08-09
2019-0066,2019-08-11,peaton,peaton,masculino,40.0,2019-08-11
2019-0067,2019-08-14,conductor,moto,masculino,35.0,2019-08-14
2019-0068,2019-08-14,conductor,moto,masculino,53.0,2019-08-14
2019-0069,2019-08-17,conductor,moto,masculino,43.0,2019-08-17
2019-0070,2019-08-22,conductor,moto,masculino,25.0,2019-08-22
2019-0071,2019-08-27,peaton,peaton,masculino,,2019-08-27
2019-0072,2019-08-28,conductor,auto,masculino,22.0,2019-09-02
2019-0073,2019-08-29,conductor,auto,masculino,29.0,2019-09-06
2019-0074,2019-08-29,conductor,moto,masculino,35.0,2019-08-29
2019-0075,2019-08-30,conductor,moto,masculino,31.0,2019-08-30
2019-0076,2019-09-05,conductor,moto,femenino,29.0,2019-09-05
2019-0077,2019-09-08,peaton,peaton,femenino,28.0,2019-09-08
2019-0078,2019-09-12,peaton,peaton,femenino,72.0,2019-09-15
2019-0079,2019-09-17,conductor,moto,masculino,57.0,2019-09-17
2019-0080,2019-09-17,peaton,peaton,masculino,76.0,2019-09-17
2019-0081,2019-09-23,peaton,peaton,masculino,67.0,2019-10-07
2019-0082,2019-09-25,ciclista,bicicleta,masculino,47.0,2019-09-25
2019-0083,2019-09-26,conductor,auto,masculino,73.0,2019-09-26
2019-0084,2019-09-27,ciclista,bicicleta,femenino,40.0,2019-09-27
2019-0085,2019-10-09,ciclista,bicicleta,masculino,20.0,2019-10-09
2019-0086,2019-10-15,conductor,moto,masculino,29.0,2019-10-15
2019-0087,2019-10-21,conductor,moto,masculino,41.0,2019-10-21
2019-0088,2019-10-22,peaton,peaton,masculino,27.0,2019-10-22
2019-0089,2019-10-23,peaton,peaton,femenino,92.0,2019-10-23
2019-0090,2019-10-24,peaton,peaton,masculino,67.0,2019-10-26
2019-0091,2019-11-01,peaton,peaton,masculino,35.0,2019-11-01
2019-0092,2019-11-03,peaton,peaton,masculino,37.0,2019-11-03
2019-0093,2019-11-13,ciclista,bicicleta,masculino,16.0,2019-11-13
2019-0094,2019-11-18,pasajero_acompañante,moto,femenino,,2019-11-18
2019-0095,2019-11-20,conductor,moto,masculino,,2019-11-20
2019-0096,2019-11-22,peaton,peaton,masculino,73.0,2019-11-22
2019-0097,2019-11-25,pasajero_acompañante,moto,femenino,23.0,2019-11-25
2019-0098,2019-11-25,pasajero_acompañante,pasajeros,femenino,61.0,2019-11-29
2019-0100,2019-12-05,conductor,moto,masculino,38.0,2019-12-18
2019-0101,2019-12-17,conductor,moto,masculino,25.0,2019-12-17
2019-0102,2019-12-17,conductor,moto,masculino,18.0,2019-12-18
2019-0103,2019-12-18,conductor,moto,masculino,24.0,2019-12-18
2019-0104,2019-12-21,pasajero_acompañante,moto,femenino,23.0,2019-12-22
2020-0001,2020-01-04,peaton,peaton,femenino,87.0,2020-01-04
2020-0002,2020-01-05,conductor,moto,masculino,36.0,2020-01-07
2020-0003,2020-01-11,peaton,peaton,masculino,44.0,2020-01-11
2020-0004,2020-01-14,peaton,peaton,masculino,82.0,2020-01-15
2020-0005,2020-01-14,conductor,moto,masculino,25.0,2020-02-10
2020-0006,2020-01-20,conductor,moto,masculino,23.0,2020-01-20
2020-0007,2020-01-27,peaton,peaton,masculino,52.0,2020-01-27
2020-0008,2020-01-30,conductor,moto,masculino,49.0,2020-01-30
2020-0009,2020-02-04,peaton,peaton,masculino,48.0,2020-02-05
2020-0010,2020-02-08,conductor,moto,masculino,,2020-02-08
2020-0011,2020-02-12,conductor,moto,masculino,31.0,2020-02-12
2020-0012,2020-02-18,peaton,peaton,femenino,66.0,2020-02-18
2020-0013,2020-02-20,peaton,peaton,femenino,58.0,2020-03-03
2020-0014,2020-02-27,conductor,moto,masculino,,2020-02-27
2020-0015,2020-02-28,conductor,moto,masculino,29.0,2020-02-28
2020-0016,2020-02-29,peaton,peaton,masculino,68.0,2020-03-09
2020-0017,2020-03-05,peaton,peaton,masculino,,2020-03-05
2020-0018,2020-03-09,conductor,moto,masculino,31.0,2020-03-09
2020-0019,2020-03-10,peaton,peaton,femenino,80.0,2020-03-10
2020-0020,2020-03-13,peaton,peaton,femenino,74.0,2020-03-17
2020-0021,2020-03-14,peaton,peaton,femenino,87.0,2020-03-14
2020-0022,2020-04-07,pasajero_acompañante,auto,masculino,44.0,2020-04-07
2020-0023,2020-04-09,conductor,auto,masculino,44.0,2020-05-03
2020-0024,2020-04-24,conductor,auto,masculino,53.0,2020-04-24
2020-0025,2020-05-12,peaton,peaton,masculino,,2020-05-12
2020-0026,2020-05-17,conductor,moto,masculino,28.0,2020-05-17
2020-0027,2020-05-18,peaton,peaton,masculino,76.0,2020-05-18
2020-0028,2020-05-19,peaton,peaton,masculino,91.0,2020-05-23
2020-0029,2020-06-10,peaton,peaton,masculino,80.0,2020-06-12
2020-0030,2020-06-16,conductor,moto,masculino,40.0,2020-06-16
2020-0031,2020-06-30,conductor,moto,masculino,29.0,2020-06-30
2020-0032,2020-07-10,conductor,moto,masculino,21.0,2020-07-10
2020-0033,2020-07-19,conductor,auto,masculino,32.0,2020-07-19
2020-0034,2020-08-02,peaton,peaton,femenino,,2020-08-02
2020-0035,2020-08-04,conductor,moto,masculino,40.0,2020-08-04
2020-0036,2020-08-07,peaton,peaton,masculino,72.0,2020-08-22
2020-0037,2020-08-29,peaton,peaton,masculino,38.0,2020-08-29
2020-0038,2020-08-30,conductor,auto,masculino,46.0,2020-08-30
2020-0038,2020-08-30,conductor,auto,masculino,64.0,2020-08-30
2020-0039,2020-09-01,peaton,peaton,masculino,44.0,2020-09-01
2020-0040,2020-09-12,conductor,auto,masculino,,2020-09-12
2020-0041,2020-09-28,conductor,moto,masculino,34.0,2020-09-28
2020-0042,2020-09-29,peaton,peaton,femenino,53.0,2020-09-29
2020-0043,2020-09-30,peaton,peaton,masculino,64.0,2020-09-30
2020-0044,2020-10-05,conductor,auto,masculino,43.0,2020-10-05
2020-0045,2020-10-19,conductor,auto,masculino,50.0,2020-10-19
2020-0046,2020-10-27,conductor,moto,masculino,41.0,2020-10-27
2020-0047,2020-10-27,peaton,peaton,masculino,15.0,2020-10-27
2020-0048,2020-10-29,conductor,moto,masculino,41.0,2020-10-29
2020-0049,2020-10-30,peaton,peaton,masculino,36.0,2020-10-30
2020-0050,2020-11-01,peaton,peaton,femenino,28.0,2020-11-01
2020-0051,2020-11-05,conductor,moto,masculino,49.0,2020-11-05
2020-0052,2020-11-07,ciclista,bicicleta,masculino,44.0,2020-11-07
2020-0053,2020-11-09,pasajero_acompañante,auto,masculino,27.0,2020-11-09
2020-0054,2020-11-19,ciclista,bicicleta,masculino,59.0,2020-11-23
2020-0055,2020-11-19,peaton,peaton,masculino,91.0,2020-12-11
2020-0056,2020-11-21,conductor,moto,femenino,34.0,2020-11-21
2020-0057,2020-11-23,peaton,peaton,masculino,84.0,2020-11-23
2020-0058,2020-11-24,peaton,peaton,masculino,57.0,2020-11-25
2020-0059,2020-12-01,peaton,peaton,femenino,49.0,2020-12-14
2020-0060,2020-12-03,peaton,peaton,femenino,69.0,2020-12-03
2020-0061,2020-12-03,conductor,moto,masculino,45.0,2020-12-04
2020-0062,2020-12-04,ciclista,bicicleta,masculino,47.0,2020-12-04
2020-0063,2020-12-05,peaton,peaton,masculino,38.0,2020-12-05
2020-0063,2020-12-05,pasajero_acompañante,moto,masculino,21.0,2020-12-05
2020-0065,2020-12-05,conductor,moto,masculino,24.0,2020-12-06
2020-0066,2020-12-07,conductor,moto,masculino,27.0,2020-12-07
2020-0067,2020-12-11,peaton,peaton,masculino,51.0,2020-12-11
2020-0068,2020-12-12,conductor,moto,masculino,71.0,2020-12-20
2020-0069,2020-12-15,pasajero_acompañante,moto,masculino,25.0,2020-12-15
2020-0070,2020-12-17,peaton,peaton,femenino,81.0,2020-12-22
2020-0071,2020-12-17,peaton,peaton,masculino,4.0,2020-12-17
2020-0072,2020-12-19,ciclista,bicicleta,masculino,42.0,2020-12-19
2020-0073,2020-12-20,conductor,moto,masculino,56.0,2020-12-20
2020-0074,2020-12-20,conductor,auto,masculino,39.0,2020-12-20
2020-0075,2020-12-23,peaton,peaton,masculino,23.0,2020-12-23
2020-0076,2020-12-24,conductor,auto,femenino,78.0,2021-01-17
2020-0077,2020-12-25,conductor,moto,femenino,30.0,2020-12-25
2020-0077,2020-12-25,pasajero_acompañante,moto,femenino,24.0,2020-12-25
2020-0078,2020-12-25,ciclista,bicicleta,masculino,26.0,2020-12-25
2020-0079,2020-12-27,conductor,moto,masculino,28.0,2020-12-27
2021-0001,2021-01-06,conductor,moto,masculino,36.0,2021-01-06
2021-0002,2021-01-07,conductor,moto,femenino,47.0,2021-01-07
2021-0003,2021-01-10,conductor,moto,masculino,27.0,2021-01-10
2021-0004,2021-01-11,peaton,peaton,femenino,61.0,2021-01-11
2021-0005,2021-01-11,peaton,peaton,masculino,73.0,2021-01-14
2021-0006,2021-01-12,pasajero_acompañante,moto,femenino,23.0,2021-01-12
2021-0007,2021-01-18,conductor,moto,masculino,84.0,2021-01-26
2021-0008,2021-01-22,peaton,peaton,masculino,28.0,2021-01-22
2021-0009,2021-01-23,conductor,moto,masculino,31.0,2021-01-23
2021-0010,2021-01-23,conductor,moto,masculino,28.0,2021-01-23
2021-0011,2021-01-27,peaton,peaton,masculino,21.0,2021-01-27
2021-0012,2021-01-29,peaton,peaton,masculino,,2021-01-29
2021-0013,2021-01-31,conductor,moto,masculino,41.0,2021-01-31
2021-0014,2021-02-02,peaton,peaton,masculino,28.0,2021-02-18
2021-0015,2021-02-06,conductor,moto,masculino,26.0,2021-02-06
2021-0016,2021-02-14,conductor,auto,masculino,22.0,2021-02-14
2021-0017,2021-02-17,conductor,moto,masculino,33.0,2021-02-17
2021-0018,2021-02-20,peaton,peaton,masculino,36.0,2021-03-08
2021-0019,2021-02-21,conductor,moto,masculino,30.0,2021-02-21
2021-0020,2021-02-21,peaton,peaton,femenino,,2021-02-21
2021-0021,2021-02-26,conductor,moto,masculino,39.0,2021-03-04
2021-0022,2021-02-28,pasajero_acompañante,pasajeros,masculino,68.0,2021-03-06
2021-0023,2021-03-01,conductor,moto,masculino,24.0,2021-03-01
2021-0024,2021-03-03,ciclista,bicicleta,masculino,5.0,2021-03-03
2021-0025,2021-03-11,conductor,moto,masculino,37.0,2021-03-11
2021-0026,2021-03-15,conductor,moto,masculino,36.0,2021-03-15
2021-0027,2021-03-16,conductor,moto,femenino,19.0,2021-03-16
2021-0028,2021-03-29,peaton,peaton,masculino,,2021-03-29
2021-0029,2021-03-31,conductor,auto,masculino,26.0,2021-04-02
2021-0030,2021-04-03,peaton,peaton,masculino,36.0,2021-04-07
2021-0031,2021-04-07,peaton,peaton,femenino,68.0,2021-04-11
2021-0032,2021-04-10,peaton,peaton,masculino,60.0,2021-04-29
2021-0033,2021-04-14,conductor,auto,masculino,33.0,2021-04-14
2021-0034,2021-04-19,pasajero_acompañante,moto,femenino,26.0,2021-04-19
2021-0035,2021-05-03,conductor,moto,masculino,24.0,2021-05-03
2021-0036,2021-05-09,conductor,moto,masculino,36.0,2021-05-09
2021-0037,2021-05-11,peaton,peaton,femenino,58.0,2021-05-11
2021-0038,2021-05-14,conductor,moto,femenino,44.0,2021-05-14
2021-0039,2021-05-15,ciclista,bicicleta,masculino,86.0,2021-06-05
2021-0040,2021-05-20,conductor,moto,masculino,27.0,2021-05-20
2021-0041,2021-05-20,peaton,peaton,masculino,75.0,2021-05-20
2021-0042,2021-05-21,peaton,peaton,masculino,39.0,2021-05-21
2021-0043,2021-05-22,peaton,peaton,masculino,50.0,2021-05-22
2021-0044,2021-05-25,pasajero_acompañante,moto,masculino,21.0,2021-05-25
2021-0045,2021-05-26,conductor,moto,masculino,22.0,2021-05-26
2021-0046,2021-05-31,pasajero_acompañante,auto,masculino,20.0,2021-05-31
2021-0047,2021-06-02,conductor,moto,masculino,59.0,2021-06-02
2021-0048,2021-06-03,ciclista,bicicleta,masculino,44.0,2021-06-23
2021-0049,2021-06-03,conductor,auto,masculino,74.0,2021-06-03
2021-0050,2021-06-10,conductor,moto,masculino,56.0,2021-06-10
2021-0051,2021-06-15,peaton,peaton,masculino,73.0,2021-06-16
2021-0052,2021-06-20,pasajero_acompañante,moto,femenino,19.0,2021-06-20
2021-0053,2021-06-20,peaton,peaton,masculino,58.0,2021-06-30
2021-0054,2021-06-22,conductor,moto,masculino,41.0,2021-06-22
2021-0055,2021-06-29,pasajero_acompañante,moto,masculino,47.0,2021-06-29
2021-0056,2021-07-09,ciclista,bicicleta,masculino,60.0,2021-07-09
2021-0057,2021-07-10,conductor,auto,masculino,46.0,2021-07-10
2021-0058,2021-07-21,peaton,peaton,masculino,24.0,2021-07-21
2021-0059,2021-07-22,pasajero_acompañante,auto,femenino,44.0,2021-07-22
2021-0060,2021-07-22,peaton,peaton,femenino,80.0,2021-07-22
2021-0061,2021-07-24,peaton,peaton,femenino,55.0,2021-07-24
2021-0062,2021-07-27,conductor,auto,masculino,73.0,2021-07-27
2021-0063,2021-08-02,pasajero_acompañante,auto,femenino,31.0,2021-08-02
2021-0064,2021-08-02,peaton,peaton,masculino,37.0,2021-08-03
2021-0065,2021-08-06,peaton,peaton,femenino,63.0,2021-08-10
2021-0066,2021-08-06,peaton,peaton,masculino,59.0,2021-08-09
2021-0067,2021-08-08,conductor,moto,masculino,27.0,2021-08-08
2021-0068,2021-08-15,conductor,moto,masculino,39.0,2021-08-15
2021-0069,2021-08-20,peaton,peaton,masculino,17.0,2021-08-21
2021-0070,2021-08-28,conductor,moto,masculino,31.0,2021-08-28
2021-0071,2021-08-31,peaton,peaton,masculino,88.0,2021-09-01
2021-0072,2021-09-01,peaton,peaton,femenino,57.0,2021-09-01
2021-0073,2021-09-18,ciclista,bicicleta,femenino,76.0,2021-09-18
2021-0074,2021-09-20,conductor,moto,masculino,55.0,2021-09-20
2021-0075,2021-09-21,peaton,peaton,masculino,65.0,2021-09-21
2021-0076,2021-10-16,conductor,moto,masculino,31.0,2021-10-16
2021-0077,2021-10-18,conductor,moto,femenino,31.0,2021-10-18
2021-0078,2021-10-23,conductor,moto,masculino,22.0,2021-10-23
2021-0079,2021-10-25,peaton,peaton,masculino,,2021-10-25
2021-0080,2021-10-28,conductor,moto,masculino,32.0,2021-10-28
2021-0081,2021-11-02,conductor,moto,masculino,26.0,2021-11-02
2021-0082,2021-11-06,conductor,moto,masculino,38.0,2021-11-06
2021-0083,2021-11-09,conductor,moto,masculino,30.0,2021-11-09
2021-0084,2021-11-11,conductor,auto,masculino,32.0,2021-11-11
2021-0097,2021-11-18,ciclista,bicicleta,masculino,53.0,2021-11-19
2021-0085,2021-11-20,conductor,moto,masculino,49.0,2021-11-20
2021-0086,2021-11-25,peaton,peaton,masculino,75.0,2021-11-25
2021-0087,2021-11-27,peaton,peaton,femenino,73.0,2021-11-27
2021-0088,2021-12-01,conductor,moto,masculino,45.0,2021-12-07
2021-0089,2021-12-02,conductor,moto,masculino,41.0,2021-12-11
2021-0090,2021-12-10,peaton,peaton,masculino,73.0,2022-01-03
2021-0091,2021-12-11,conductor,moto,masculino,24.0,2021-12-11
2021-0092,2021-12-12,peaton,peaton,femenino,50.0,2021-12-12
2021-0093,2021-12-13,pasajero_acompañante,moto,femenino,18.0,2021-12-18
2021-0094,2021-12-20,pasajero_acompañante,moto,femenino,43.0,2021-12-20
2021-0095,2021-12-30,conductor,moto,masculino,27.0,2022-01-02
2021-0096,2021-12-15,conductor,auto,masculino,60.0,2021-12-20
